0,683,492,658,423,613,360,585,302,590,250,554,384,494,407,519,417,544,412,545,431,488,448,511,455,536,452,544,476,493,484,513,489,539,488,547,515,501,512,517,515,541,514
0,712,485,707,411,676,335,661,272,678,223,615,326,544,345,564,368,590,368,597,370,533,386,553,405,581,404,584,418,530,426,551,442,578,443,576,465,541,467,563,479,587,480
0,715,494,694,420,648,347,619,285,626,232,588,353,518,377,541,394,567,391,577,402,511,420,533,434,561,430,572,454,516,462,539,472,568,471,572,504,535,501,559,506,582,506
0,716,503,688,438,632,378,599,322,600,267,591,407,514,431,537,438,565,432,586,456,510,473,534,477,562,472,587,501,514,509,535,512,565,509,590,539,529,539,545,539,570,539
0,710,486,707,417,677,337,658,276,665,228,649,343,565,308,544,314,557,329,629,386,523,351,506,351,524,361,611,435,510,400,510,401,541,410,597,486,523,456,520,447,540,447
0,715,491,690,427,639,358,602,302,593,251,615,362,524,349,500,375,511,400,609,408,495,401,479,427,496,445,605,461,494,466,500,479,533,485,603,513,522,518,526,518,553,514
0,722,491,699,426,650,358,625,298,633,245,617,375,520,386,537,405,569,406,611,424,503,434,521,446,554,444,612,474,515,486,526,492,553,488,617,518,545,524,543,526,554,522
0,741,353,714,286,661,216,627,159,628,109,630,197,530,219,543,251,571,253,626,236,513,258,532,289,564,290,623,286,520,305,541,329,573,326,623,339,539,355,555,366,584,361
0,748,360,740,282,701,202,679,135,689,83,648,198,552,201,568,230,600,236,629,246,531,245,553,270,587,275,613,301,525,296,550,314,584,317,603,355,535,343,557,352,587,353
0,759,379,732,306,675,230,643,168,648,116,644,215,540,233,554,261,585,263,638,262,521,279,541,306,576,307,633,318,526,329,549,349,584,348,634,376,545,380,563,388,595,384
0,724,393,725,334,707,275,693,229,700,199,671,231,584,230,591,263,614,272,654,253,561,255,571,286,599,293,636,285,550,285,564,315,589,320,622,322,555,324,569,349,594,355
0,718,412,733,341,721,265,718,203,742,166,668,240,590,224,599,254,624,265,640,272,562,257,574,286,601,295,612,312,544,293,559,318,586,328,591,354,538,334,555,352,580,361
0,741,410,760,336,756,257,760,191,786,149,698,231,616,207,626,236,651,248,665,264,588,240,599,270,626,280,634,303,568,273,581,301,608,314,609,345,560,312,576,332,600,344
0,717,418,712,345,679,275,657,215,664,164,623,276,534,274,549,299,581,306,607,321,517,322,537,343,568,344,595,372,517,366,538,381,568,382,589,422,526,409,544,415,571,415
0,717,452,687,378,629,309,594,248,592,194,587,318,486,338,507,362,540,362,583,369,481,391,506,408,539,404,581,424,490,437,515,447,548,443,582,476,512,479,532,481,559,477
0,610,467,600,393,560,326,531,267,535,214,495,325,408,336,428,362,460,364,479,373,396,386,419,407,448,406,469,425,395,430,418,446,448,445,467,478,408,476,429,482,456,479
0,491,435,484,366,449,305,412,252,404,203,359,310,300,335,305,360,322,367,345,353,290,382,299,404,316,405,339,402,290,424,300,440,320,440,343,450,304,466,316,474,335,471
0,390,467,379,397,341,341,306,289,301,241,249,353,201,375,222,395,249,396,233,400,196,424,221,440,247,437,230,451,193,467,216,477,243,475,237,499,208,509,230,512,252,507
0,757,328,736,266,696,203,671,151,675,110,655,181,573,193,585,222,610,226,648,214,561,237,578,260,605,258,641,254,562,273,583,292,608,287,638,298,573,311,591,324,615,321
0,843,328,824,268,784,202,756,151,761,110,753,175,664,183,672,215,697,220,747,207,650,226,664,251,692,249,739,247,650,263,668,284,695,280,734,291,660,302,676,318,701,317
0,827,348,833,277,815,197,808,133,831,92,774,173,685,161,697,191,724,201,750,206,658,199,673,226,702,233,725,246,642,235,660,260,690,266,704,288,640,275,659,293,685,299
0,818,337,831,279,827,210,835,160,863,135,791,182,716,175,725,202,748,210,768,207,693,207,705,231,730,236,745,238,680,237,695,259,719,263,725,274,676,270,692,288,716,293
0,811,353,798,285,767,213,753,155,771,113,720,205,635,220,650,246,678,249,710,243,626,265,645,287,673,285,701,286,629,305,650,322,677,318,696,331,640,343,662,354,687,351
0,811,358,781,296,729,232,704,178,708,133,692,229,606,269,627,293,658,288,694,268,608,315,635,330,666,321,697,316,620,353,646,364,673,354,702,364,640,388,664,392,690,384
0,791,366,768,303,721,233,696,177,704,133,685,226,590,239,600,269,631,277,682,266,571,281,585,308,619,313,682,316,583,332,603,351,636,351,686,370,611,385,627,393,657,389
0,789,393,745,333,676,270,637,218,636,164,641,266,558,322,584,342,611,332,651,306,565,371,598,384,629,370,665,356,587,410,618,418,646,403,680,405,622,445,649,445,674,429
0,761,416,760,333,731,255,720,187,735,133,665,250,576,254,594,280,626,286,646,298,565,308,587,331,616,332,632,352,563,355,586,374,617,376,626,405,577,402,600,414,628,415
0,731,403,717,364,692,319,678,283,686,255,681,304,617,319,626,339,644,340,680,327,613,349,627,365,646,362,678,355,618,374,632,387,651,384,677,385,631,400,643,408,660,405
0,740,410,722,374,688,334,666,302,665,274,675,311,615,332,625,352,642,351,676,330,613,361,629,376,647,371,676,357,621,385,637,398,653,392,677,386,636,411,650,418,665,411
0,733,420,729,376,711,326,704,287,717,262,685,314,627,321,637,340,654,342,678,335,619,351,634,367,654,366,670,362,618,376,634,390,652,388,663,392,625,404,641,413,659,410
0,725,469,717,418,693,365,683,320,694,286,663,364,599,368,612,386,634,388,654,394,594,402,611,418,634,417,647,427,595,433,611,446,633,445,642,461,606,465,622,473,641,472
0,821,451,801,377,753,300,728,235,740,179,722,305,638,320,660,337,688,334,714,352,627,365,651,381,683,379,706,403,631,413,656,425,688,421,701,453,652,453,674,458,700,453
0,803,476,773,409,720,340,697,280,702,228,694,340,608,368,631,388,660,384,695,384,605,414,632,427,663,421,696,434,614,455,642,464,671,459,699,485,634,494,658,499,684,495
0,501,511,484,444,437,386,398,336,380,296,351,440,346,422,378,424,397,432,343,483,345,460,376,460,392,469,351,518,345,496,370,493,389,501,362,539,349,524,368,523,383,529
0,552,475,540,392,491,326,456,264,446,213,400,357,405,349,441,365,458,379,387,417,398,401,432,411,449,424,394,474,403,457,431,460,451,470,408,521,416,507,442,507,459,511
0,585,453,565,368,520,307,483,246,475,193,427,328,422,331,457,349,480,361,413,385,412,384,445,395,469,405,415,443,418,438,446,441,469,448,425,493,432,484,456,481,474,482
0,892,253,860,184,805,113,773,57,771,6,757,114,669,159,695,184,726,177,757,156,663,206,692,225,725,217,760,208,673,250,703,264,734,255,768,263,700,291,728,297,757,288
0,697,426,678,352,637,286,611,227,613,178,570,296,515,323,539,339,564,336,559,344,511,366,537,377,562,374,556,396,516,404,539,412,565,411,559,443,531,440,556,445,578,445
0,644,483,617,416,576,364,545,307,550,252,506,389,457,400,481,410,508,409,499,439,459,445,483,449,509,447,501,486,467,485,487,489,512,489,508,526,481,523,499,526,518,526
0,789,437,763,361,714,288,683,222,686,164,649,296,575,318,598,337,627,335,639,346,572,363,598,379,628,376,635,401,578,406,603,418,633,417,635,453,594,447,621,454,647,454
0,833,400,807,324,758,251,725,188,731,130,702,263,622,292,648,313,678,309,696,311,619,340,647,357,678,351,694,365,626,383,654,396,684,391,696,417,645,425,673,431,700,426
0,857,374,828,300,775,224,742,162,747,105,724,230,638,262,664,283,694,278,719,276,633,310,661,327,693,321,717,329,639,353,669,368,700,362,718,383,660,396,689,403,716,398
0,845,446,811,364,749,285,712,213,716,148,692,302,602,329,631,347,665,341,686,359,599,381,631,397,665,391,685,418,608,429,639,441,674,437,689,475,631,474,661,479,692,475
0,809,474,777,389,718,315,680,243,681,179,658,340,572,365,601,378,634,370,653,400,569,414,599,425,631,420,653,462,581,463,608,471,640,468,657,518,601,508,626,510,654,509
0,791,474,762,397,698,327,657,263,653,203,651,364,545,369,574,379,615,378,643,426,531,422,563,428,603,428,642,481,545,480,573,479,610,476,647,525,570,517,591,513,622,511
0,834,462,806,381,739,300,696,230,697,166,705,320,589,320,608,342,649,348,696,381,571,379,601,394,647,394,693,444,584,443,617,448,659,445,695,504,619,493,644,489,678,485
0,850,449,822,368,758,284,718,212,717,147,722,292,608,289,624,316,664,325,711,348,587,345,615,367,661,369,705,410,598,411,629,423,671,421,705,470,629,463,657,465,691,462
0,826,413,801,335,745,257,709,190,709,130,711,264,602,264,616,291,655,300,700,317,580,317,605,341,649,345,693,376,593,381,623,394,662,391,692,432,624,431,650,434,681,430
0,775,468,751,386,690,311,649,244,647,187,649,332,544,332,565,351,603,354,638,391,525,387,553,400,594,400,633,451,539,449,569,455,607,453,635,507,572,500,596,498,626,494
0,243,467,268,369,222,286,183,223,183,169,134,291,141,289,173,312,185,324,103,343,126,342,158,353,168,365,96,400,115,393,150,396,164,407,99,441,114,435,140,435,152,443
0,300,435,315,352,278,279,241,223,235,176,181,287,193,287,222,309,237,324,154,332,175,333,203,347,215,360,146,380,166,377,194,384,209,394,147,422,161,418,186,422,201,426
0,254,453,276,359,230,286,189,227,182,175,142,292,164,277,198,296,212,311,115,342,146,319,177,328,188,344,110,393,129,368,161,370,175,384,117,430,131,409,155,406,166,416
0,249,469,270,382,224,302,177,241,173,186,157,307,152,309,180,328,195,337,128,356,141,357,172,370,185,379,114,409,125,404,157,410,174,417,113,453,121,450,146,452,160,457
0,243,487,242,401,186,330,139,278,129,229,96,359,92,357,129,372,151,384,79,414,93,410,126,416,144,424,83,468,96,456,125,456,143,462,94,508,102,497,126,497,142,501
0,720,431,702,367,665,303,643,248,649,203,622,310,551,329,566,350,588,349,617,350,545,370,564,388,591,386,613,393,554,410,573,423,599,420,614,435,569,445,589,451,611,447
0,714,393,690,334,646,271,621,220,628,176,606,278,538,310,556,329,577,325,603,316,535,349,556,365,582,362,603,357,546,386,567,398,592,394,606,399,565,417,586,425,609,420
0,718,399,696,339,655,277,630,226,634,183,612,280,542,306,561,327,583,324,608,318,540,348,562,364,587,359,606,360,550,385,571,397,596,393,606,401,568,418,590,426,612,421
0,719,439,701,372,662,310,636,255,641,207,613,318,542,340,562,359,587,357,606,360,539,382,561,398,588,395,603,404,546,419,569,432,595,429,605,447,561,454,585,461,608,457
0,714,470,697,400,656,335,628,277,631,227,600,343,534,361,556,378,582,376,592,388,532,402,555,417,580,414,589,436,538,440,560,451,586,450,588,480,549,476,572,482,595,482
0,719,477,698,407,658,341,632,283,636,233,603,352,536,369,558,385,584,383,594,397,533,409,555,423,580,421,591,444,539,447,560,457,586,457,591,489,551,483,572,489,595,489
0,748,479,730,409,686,341,662,283,668,235,639,351,567,365,586,385,613,385,630,395,562,407,585,425,612,423,625,441,568,446,590,461,618,460,624,486,584,485,604,494,628,493
0,751,447,735,379,696,315,671,260,679,213,650,319,576,338,596,357,621,355,643,361,572,378,593,394,619,393,638,407,580,418,600,431,626,430,637,451,594,455,614,463,637,461
0,743,435,726,368,686,301,663,245,669,199,638,307,567,327,587,347,610,345,631,349,564,369,584,385,610,382,628,393,572,408,592,420,617,418,627,436,587,443,608,450,631,447
0,746,422,725,356,681,287,656,230,661,184,634,289,563,313,582,335,604,334,628,331,559,357,580,374,606,369,624,376,567,395,589,407,614,404,622,420,582,428,604,435,627,432
0,742,404,716,339,670,272,643,215,650,168,622,273,551,301,571,323,595,321,616,314,549,347,572,362,599,356,613,359,559,385,582,395,606,390,613,404,572,416,596,423,619,420
0,738,401,712,334,667,267,640,210,647,163,618,266,546,295,566,317,591,317,612,308,545,341,567,357,594,352,608,354,554,379,577,391,602,387,607,400,567,411,592,420,615,418
0,765,409,746,342,704,275,678,219,685,172,660,279,585,303,605,324,630,323,654,320,581,345,604,362,631,359,651,365,588,383,612,396,639,393,650,410,604,419,629,426,652,422
0,765,416,746,349,705,283,679,228,684,181,659,288,586,311,605,332,629,330,654,329,581,352,602,370,628,367,650,374,588,392,610,404,637,402,650,418,605,427,627,434,650,430
0,764,449,748,379,706,312,680,254,689,206,660,321,584,338,606,357,633,355,651,364,577,381,600,398,628,397,646,412,585,424,608,436,636,435,645,458,600,461,622,468,646,466
0,751,480,725,407,677,340,648,279,650,226,631,355,553,372,574,387,601,384,622,403,550,414,574,428,603,426,618,454,559,457,582,467,609,467,619,502,574,494,595,499,619,500
0,735,486,711,416,661,351,628,291,627,239,615,365,530,371,553,387,585,387,606,416,520,415,546,426,579,427,604,467,531,465,556,471,588,471,606,515,552,508,573,508,599,507
0,705,419,697,368,669,314,648,272,651,235,648,305,574,318,577,343,594,350,640,338,562,354,570,374,591,377,634,376,565,389,579,405,601,404,631,413,578,422,593,431,613,428
0,703,392,696,351,673,308,656,276,657,252,652,282,581,302,587,328,604,334,643,301,572,330,586,352,605,355,634,328,571,353,587,375,605,378,627,358,581,380,596,397,614,398
0,724,397,695,371,656,338,624,307,614,279,647,294,564,328,572,357,594,361,654,307,567,354,584,379,603,383,658,331,581,375,602,401,624,405,662,362,609,400,623,418,643,419
0,716,432,712,374,684,309,672,257,681,215,653,309,581,313,596,330,620,332,640,346,568,350,587,367,614,368,628,387,564,386,583,400,608,401,621,427,573,425,592,433,614,434
0,777,462,779,395,754,316,744,253,757,205,721,320,638,308,653,329,682,336,703,362,617,346,637,366,668,373,687,406,611,389,633,406,664,413,674,450,622,429,641,440,667,447
0,850,508,842,429,811,340,806,270,829,213,805,343,699,324,709,351,742,362,790,393,674,367,693,391,732,402,771,445,666,416,689,435,726,446,752,496,674,467,693,477,724,486
0,918,518,898,449,862,359,849,286,864,227,858,362,746,349,752,381,785,392,849,416,723,402,738,426,774,436,837,471,724,457,740,475,775,481,825,519,733,509,748,520,780,523
0,840,448,833,377,800,294,779,231,794,175,797,285,693,281,700,311,727,319,786,328,670,325,685,351,721,355,772,378,665,373,687,392,723,395,757,428,677,420,698,430,730,432
0,839,366,822,303,787,227,758,168,764,118,768,206,672,219,679,250,705,255,760,245,654,259,670,286,701,290,751,291,657,304,675,324,706,323,743,340,667,347,686,358,715,356
0,807,309,791,247,755,173,725,119,725,73,731,146,637,171,651,200,677,201,723,180,625,210,644,234,673,233,715,222,627,247,647,268,675,266,708,267,640,287,660,301,685,297
0,813,360,773,302,716,233,675,181,661,131,714,172,609,217,628,248,656,242,719,199,609,256,638,278,667,269,720,239,624,291,652,312,679,303,720,285,649,327,674,341,700,331
0,788,361,780,293,748,216,732,154,743,103,713,205,632,214,644,240,668,246,699,243,614,254,631,278,659,281,684,288,610,296,630,316,657,318,672,335,616,338,636,351,661,351
0,756,449,731,371,680,298,647,234,650,177,629,319,542,331,563,349,594,348,622,373,539,378,565,392,597,389,619,427,549,423,575,432,606,432,620,478,571,463,595,465,620,465
0,757,419,767,349,754,271,749,211,768,171,712,251,625,248,635,278,660,286,690,286,598,286,612,314,642,320,668,328,587,330,606,354,635,357,651,373,593,377,613,394,641,394
0,795,359,797,297,785,228,780,176,795,143,751,199,667,202,676,233,701,240,733,227,644,233,658,259,686,267,714,262,635,271,653,295,681,300,696,302,636,312,657,330,683,332
0,776,365,758,303,716,232,695,176,702,127,687,232,606,252,626,272,654,270,681,273,597,292,622,309,653,306,678,320,601,333,627,346,656,343,678,367,621,373,644,379,671,375
0,719,441,688,386,625,331,575,291,556,246,607,326,523,363,542,380,569,373,607,370,518,408,544,421,576,415,609,420,530,451,556,460,585,452,614,469,559,490,582,493,606,485
0,689,383,679,335,654,290,630,259,626,234,633,265,557,285,559,315,573,321,624,288,545,317,555,342,575,344,617,318,548,345,564,367,584,366,614,352,562,374,578,391,598,390
0,749,416,751,352,728,274,717,213,731,169,692,270,615,264,627,286,652,292,674,308,591,300,607,322,636,328,657,350,580,342,601,361,631,367,643,394,590,385,610,398,635,402
0,824,391,839,331,833,253,832,197,852,162,810,225,722,213,725,242,748,254,787,252,692,244,701,272,730,282,762,288,677,283,693,309,721,315,738,329,674,324,694,345,722,350
0,756,424,745,359,710,285,691,226,702,181,670,283,589,293,606,316,632,317,658,323,574,334,595,355,626,356,648,368,575,379,596,395,625,394,642,413,587,421,609,430,636,427
0,754,447,729,379,675,310,640,250,639,199,642,319,546,322,561,347,596,353,634,365,534,375,556,393,592,392,631,416,547,429,574,438,609,433,634,466,575,471,598,472,626,465
0,752,442,732,378,681,305,647,247,641,195,657,308,561,300,558,323,587,337,649,355,533,348,544,370,584,378,644,408,544,411,566,420,603,418,643,461,577,461,596,460,625,455
0,753,440,744,372,712,298,696,236,710,189,667,299,578,304,590,331,620,336,655,345,561,353,583,374,618,374,646,395,563,402,588,416,621,415,644,444,583,447,606,453,635,449
0,719,475,701,403,659,330,635,268,644,218,614,339,527,350,544,373,574,376,603,388,513,397,538,415,572,415,597,440,519,446,546,457,579,456,597,491,541,489,564,492,592,490
1,774,440,780,373,734,317,654,322,599,341,758,281,682,205,631,164,588,134,730,319,617,249,551,219,501,196,700,361,595,340,608,362,633,374,670,404,607,390,627,402,652,406
1,763,411,770,354,729,296,649,288,595,295,759,252,688,178,645,139,609,109,734,277,638,203,583,167,542,139,705,310,610,293,624,320,648,330,673,346,614,341,635,360,661,363
1,747,409,752,346,721,289,663,276,618,275,721,259,663,180,631,132,606,95,694,289,624,202,575,151,540,117,662,328,575,275,583,296,603,313,637,371,569,320,581,330,602,344
1,774,391,783,330,755,272,703,254,661,253,760,242,703,164,671,118,645,82,730,266,667,179,625,131,593,95,699,300,613,246,617,272,636,293,671,339,604,294,611,307,633,322
1,706,450,712,375,676,316,624,296,578,294,668,303,607,217,566,172,533,136,632,343,542,263,483,220,437,192,599,382,520,314,542,317,567,333,577,418,521,358,541,360,564,372
1,728,434,733,375,697,321,628,311,577,316,716,284,652,197,617,153,585,116,680,312,577,242,525,211,487,185,646,345,584,324,608,348,631,361,615,377,594,375,617,391,636,395
1,771,419,781,358,750,298,679,278,627,276,784,261,726,170,694,124,666,84,746,281,657,201,608,162,572,130,708,310,639,286,663,318,689,336,673,341,634,337,655,360,678,367
1,773,422,779,360,744,299,672,280,620,279,779,261,702,179,663,139,630,105,743,281,653,203,605,164,568,130,707,308,637,295,659,326,684,341,671,339,632,339,652,363,673,371
1,769,419,770,355,733,294,662,277,610,277,769,256,702,177,657,151,621,135,740,277,645,198,591,192,556,198,707,306,628,292,643,324,669,339,673,340,625,341,642,366,665,373
1,755,419,698,416,642,344,645,274,682,233,659,290,620,227,598,188,580,154,702,273,672,199,651,153,636,112,744,274,724,208,721,271,722,322,787,284,760,267,756,321,756,364
1,801,395,742,384,694,311,706,240,747,203,709,258,678,193,658,154,643,117,751,245,731,169,716,121,707,79,795,250,793,186,782,247,776,299,837,266,825,238,816,287,812,328
1,812,399,753,384,707,311,718,238,760,200,721,258,690,187,671,145,658,107,764,247,743,163,728,110,722,63,810,253,803,190,791,253,786,307,852,268,833,248,823,300,820,342
1,811,394,747,381,713,339,740,278,784,248,701,253,663,182,644,142,632,105,744,229,718,147,705,101,696,51,782,229,781,165,779,214,777,249,826,248,824,197,818,227,808,261
1,806,401,747,380,719,332,757,277,809,254,719,238,704,158,700,109,700,69,771,223,782,136,793,85,804,32,811,232,825,172,813,226,802,261,850,258,857,213,842,246,823,276
1,801,394,742,381,712,334,746,279,796,253,709,245,691,165,685,116,682,75,758,228,760,138,765,87,771,35,798,234,809,171,796,227,785,263,838,256,844,210,829,245,812,274
1,752,413,704,429,653,396,663,341,708,304,638,292,595,225,571,182,553,145,678,265,643,181,621,134,606,89,722,262,706,204,697,262,695,305,768,273,750,235,735,271,729,305
1,740,412,695,429,644,397,650,343,694,308,633,291,591,231,563,192,540,158,671,265,643,189,620,149,601,109,713,262,694,204,685,263,685,306,756,276,738,239,722,274,716,309
1,735,408,691,422,643,387,651,335,692,302,636,288,602,241,579,216,555,206,674,263,659,196,636,178,612,171,713,260,692,213,682,268,680,312,755,271,737,242,720,276,713,309
1,749,421,696,434,644,396,649,340,690,303,637,294,594,231,566,190,544,153,675,269,643,188,619,144,599,101,717,265,695,209,683,265,681,310,760,278,739,238,720,269,711,303
1,744,415,691,424,644,389,651,335,691,301,637,291,593,233,565,199,539,168,674,266,642,190,615,150,592,110,714,263,694,208,682,260,680,303,755,275,736,234,718,265,710,299
1,750,431,692,437,627,404,590,355,622,313,637,294,588,231,558,193,535,159,672,274,632,192,606,143,588,98,715,272,681,209,670,261,668,307,760,280,732,231,712,260,702,296
1,768,429,696,418,640,373,602,310,638,270,664,285,630,208,616,166,609,130,702,264,687,178,679,130,671,80,741,263,721,192,714,244,711,289,781,272,774,215,757,229,744,255
1,765,425,692,411,657,366,656,296,703,262,656,282,623,208,610,165,602,129,696,257,676,176,665,130,654,82,730,257,714,187,705,236,704,275,767,272,750,217,734,244,729,274
1,776,478,733,488,712,482,756,475,808,456,691,338,679,246,673,183,674,127,753,322,786,225,812,153,831,87,806,338,838,341,826,414,805,454,849,367,862,398,843,451,816,481
1,757,472,705,487,661,472,675,445,718,415,636,337,599,248,582,193,569,141,690,318,680,216,679,151,678,86,741,327,740,281,733,359,727,407,791,350,786,326,774,380,763,418
1,755,481,700,480,666,454,688,416,741,390,651,318,640,223,642,163,643,110,707,304,714,198,730,133,740,66,756,318,764,265,755,339,744,382,798,348,801,313,790,363,776,397
1,760,466,714,460,696,428,729,401,781,372,698,291,715,203,735,143,756,91,757,287,796,191,834,129,865,69,804,310,828,261,805,334,785,379,839,344,849,321,822,367,795,401
1,768,461,720,471,685,439,717,400,767,370,665,312,635,225,620,167,607,115,720,293,704,195,699,135,691,71,772,302,780,258,773,331,763,375,821,328,826,303,811,353,794,386
1,744,473,699,488,653,461,675,422,719,392,625,340,572,268,541,221,514,175,675,314,637,219,618,162,600,102,727,316,720,265,718,336,713,384,780,336,776,307,766,357,754,395
1,748,480,704,490,656,461,673,423,718,394,632,338,588,262,560,215,535,170,683,315,658,223,645,167,630,110,734,320,727,267,724,334,719,383,784,342,780,312,769,359,756,397
1,753,464,706,460,676,416,711,374,764,347,677,292,678,206,683,148,687,94,732,280,749,182,769,119,783,57,780,296,798,236,781,301,765,345,821,329,832,290,811,330,791,362
1,752,448,704,454,662,420,681,372,725,341,654,298,621,228,602,181,584,137,708,279,705,192,703,143,697,92,757,288,762,233,750,293,740,334,803,316,807,281,789,320,774,352
1,786,418,778,356,733,300,668,289,630,297,756,254,701,174,673,122,647,82,745,283,678,200,625,151,583,116,722,328,609,284,603,311,620,330,694,377,599,335,598,342,617,351
1,762,408,763,345,728,292,677,280,635,286,725,258,671,180,637,131,608,95,698,285,625,204,573,159,530,128,669,322,583,281,596,301,618,316,644,364,580,324,596,337,619,348
1,721,414,720,352,680,304,626,299,583,308,677,275,617,204,577,162,543,130,650,309,569,239,512,203,467,180,622,349,543,314,561,326,584,336,600,391,543,359,563,365,585,370
1,760,393,761,331,728,277,677,265,635,271,726,245,672,169,642,123,615,89,700,271,633,190,584,147,544,116,671,305,590,264,604,285,626,300,647,344,585,307,600,319,622,329
1,773,385,781,319,756,265,714,246,677,248,756,230,713,154,690,109,669,76,728,248,675,164,636,119,605,86,696,276,624,233,635,260,654,276,669,308,615,274,628,292,649,303
1,739,402,738,339,703,290,651,281,610,293,699,261,634,193,592,154,557,126,673,293,582,230,522,200,476,179,645,331,565,293,582,309,606,322,622,370,563,334,580,344,602,353
1,740,406,749,342,720,284,670,268,629,272,722,249,677,170,651,124,628,91,693,269,639,179,601,130,568,92,660,298,583,251,596,279,616,296,632,334,574,295,589,313,611,325
1,758,392,770,329,746,271,703,252,665,256,751,235,711,160,689,117,669,84,721,250,675,162,643,114,614,75,689,275,617,226,624,257,642,276,659,307,605,270,615,290,635,304
1,741,394,737,332,693,286,642,283,604,300,688,259,627,197,588,160,555,133,661,289,582,232,529,204,485,183,637,326,560,301,576,316,601,327,620,368,562,345,579,353,602,360
1,720,435,688,371,622,348,564,368,529,399,604,327,507,324,450,328,404,330,596,379,481,391,413,400,368,408,593,432,499,429,524,425,554,424,597,474,528,458,549,453,575,451
1,652,488,621,430,569,413,522,426,490,446,535,401,456,362,407,341,369,326,521,446,423,420,362,406,318,401,517,493,451,482,474,475,500,474,526,531,479,518,495,509,513,505
1,650,487,622,430,570,412,524,423,494,445,534,399,458,360,411,338,373,323,519,443,426,417,366,404,321,400,516,490,451,478,477,474,504,475,525,528,480,514,499,507,518,505
1,704,460,689,393,638,359,589,361,555,378,616,333,547,277,504,245,469,222,590,371,505,321,455,292,416,272,574,415,510,392,531,396,552,404,570,458,526,431,547,433,567,438
1,721,449,709,377,656,338,601,346,564,365,648,312,583,244,544,206,513,178,617,345,537,280,486,244,446,221,592,386,525,354,549,363,570,374,580,427,537,396,559,400,578,408
1,715,447,704,372,666,333,616,324,581,329,650,301,579,239,537,207,503,185,620,333,529,275,477,252,443,243,594,375,519,345,539,356,562,365,580,419,528,389,549,395,571,401
1,705,345,703,279,667,230,617,224,579,237,660,200,591,138,551,106,517,82,632,227,546,167,493,144,453,129,606,265,524,235,542,253,564,266,586,307,528,280,544,290,565,297
1,710,356,703,289,663,237,613,221,573,228,657,203,583,145,536,117,498,100,633,231,537,181,487,179,457,185,609,269,525,254,540,277,567,290,590,311,530,299,546,312,568,317
1,761,478,716,487,677,454,699,401,746,366,646,348,606,277,584,229,565,186,694,323,674,237,666,184,655,129,740,325,740,266,742,324,742,365,785,344,785,314,777,358,768,395
1,777,483,729,481,693,440,721,384,771,353,666,338,630,262,612,211,594,168,716,316,702,226,698,172,689,117,762,322,765,260,766,316,764,356,806,346,809,304,800,346,788,382
1,796,483,742,476,717,435,758,383,808,351,695,323,675,238,670,182,665,134,752,304,761,210,776,152,784,93,800,316,811,256,807,319,798,359,841,347,848,312,833,358,815,394
1,771,487,714,493,649,452,624,394,667,358,658,336,626,261,608,211,595,168,705,317,693,226,686,167,682,117,753,321,746,248,742,311,739,362,799,339,788,296,783,342,779,385
1,765,483,706,492,636,457,586,412,582,368,651,342,614,266,593,220,579,178,695,321,673,232,659,177,649,129,742,321,733,254,729,314,725,362,790,335,780,297,775,340,769,379
1,761,487,696,494,622,458,565,419,532,384,646,342,607,269,584,224,567,185,689,321,662,234,646,181,635,134,734,320,722,252,721,309,721,355,784,333,774,291,770,334,767,375
1,772,499,705,501,640,466,593,415,626,387,649,342,612,267,592,222,576,183,695,322,668,235,651,182,638,134,742,327,729,258,725,317,722,363,791,344,778,298,774,341,769,382
1,766,498,695,499,631,465,601,405,655,385,644,343,610,268,589,222,574,184,691,322,664,236,645,182,633,134,740,326,726,259,720,320,712,367,787,344,773,300,766,342,756,384
1,761,500,694,502,629,470,581,424,607,387,645,345,607,269,584,224,567,186,689,327,663,240,648,190,634,142,737,331,723,265,718,321,712,366,785,349,776,300,767,336,759,375
1,760,501,698,508,633,473,592,425,624,405,637,351,594,281,570,236,551,198,684,330,656,244,637,188,623,140,732,333,722,271,718,330,713,376,781,351,770,310,762,352,752,393
1,758,508,694,512,628,474,588,425,623,411,637,351,594,280,572,235,555,196,684,331,656,244,639,187,628,138,732,336,721,271,715,330,709,377,780,354,769,310,759,352,748,391
1,749,505,684,509,618,473,611,429,666,415,638,351,601,289,575,254,549,223,684,330,664,254,648,210,629,169,731,331,721,280,715,342,707,393,778,349,768,308,757,349,745,390
1,748,498,687,504,621,474,609,431,659,410,638,349,599,278,576,233,557,193,684,328,659,244,645,190,631,140,732,330,724,275,719,336,712,386,779,347,772,303,762,343,749,384
1,751,501,689,508,625,474,614,427,665,412,641,348,608,273,590,225,576,182,687,328,663,241,652,186,640,135,734,330,725,274,720,334,712,384,781,347,774,301,764,339,751,379
1,749,509,682,508,620,470,616,422,672,412,645,343,625,264,617,216,610,172,693,326,680,235,677,179,673,126,739,333,735,270,727,329,719,377,785,354,778,302,766,341,753,381
1,746,502,688,511,622,478,608,435,659,415,639,349,611,272,595,223,584,180,686,330,663,241,653,185,644,132,733,333,723,276,716,337,710,387,779,351,770,303,757,340,743,380
1,732,513,679,530,612,511,586,472,623,442,607,383,554,324,520,288,492,254,643,360,594,283,561,238,536,194,687,353,655,296,652,356,655,407,734,359,704,312,690,347,684,388
1,739,515,678,530,609,510,581,470,623,442,607,386,552,326,517,290,488,257,642,363,592,284,558,239,531,196,685,356,651,301,648,363,651,415,730,363,699,317,686,355,680,397
1,759,494,700,498,649,451,661,399,717,386,675,331,658,253,654,202,653,157,726,318,731,228,738,170,744,118,771,327,779,267,764,321,750,364,812,350,814,309,796,345,777,382
1,766,500,707,493,670,441,693,390,750,380,701,323,704,239,711,185,718,138,756,316,777,223,797,163,813,109,800,333,818,269,802,324,787,367,837,364,848,318,829,354,810,389
1,757,488,701,486,658,440,673,390,727,377,690,329,679,258,673,214,668,173,739,317,744,240,746,193,746,147,782,326,793,264,779,317,768,360,821,352,826,313,807,347,789,382
1,740,491,689,495,647,448,674,403,730,383,666,340,645,266,633,218,621,176,709,327,705,242,694,192,681,147,748,337,736,286,720,345,713,388,783,364,768,330,747,367,736,401
1,726,463,682,440,664,395,681,359,709,330,655,342,630,269,616,225,609,184,694,333,662,272,646,221,639,179,736,348,693,388,672,449,662,490,767,378,718,434,699,476,689,502
1,729,469,686,448,665,403,683,365,714,335,657,352,627,275,612,228,605,186,695,341,661,277,644,223,635,179,736,352,691,391,672,453,663,494,766,377,717,433,698,477,688,505
1,716,478,676,456,655,407,677,370,711,344,654,353,625,278,608,231,600,191,693,343,658,277,640,223,632,178,735,354,690,391,671,453,663,495,765,378,716,437,695,482,686,511
1,716,476,674,462,645,419,657,384,684,356,648,346,620,280,600,236,590,198,686,336,652,280,631,232,618,192,729,348,687,396,671,462,666,505,763,375,717,440,700,488,691,517
1,715,470,677,452,649,411,659,379,683,352,649,342,624,278,604,236,594,200,683,332,649,278,628,234,615,199,725,345,686,389,672,455,668,498,760,371,718,435,701,482,693,512
1,725,472,680,457,649,416,668,383,703,359,649,343,621,277,602,235,592,199,685,333,646,279,624,234,611,195,729,345,691,392,678,458,675,502,766,372,722,436,704,483,695,513
1,722,469,676,455,642,418,653,387,678,358,644,345,615,279,595,238,585,198,682,334,650,282,629,236,615,195,727,345,690,394,676,463,670,508,764,370,724,430,705,478,692,511
1,729,484,679,468,644,425,649,393,667,360,647,354,620,284,598,241,585,198,686,342,654,288,631,241,613,200,731,350,692,398,680,468,674,515,765,376,727,434,711,483,700,516
1,719,466,673,451,643,415,651,385,665,356,643,353,610,288,586,248,572,208,682,341,650,283,630,234,617,192,727,350,696,394,681,462,675,508,762,375,729,427,711,475,698,508
1,723,491,676,479,640,432,654,389,682,354,646,363,612,296,589,251,575,210,686,349,651,285,630,233,615,186,732,354,697,391,687,462,682,511,770,375,733,420,717,470,707,504
1,720,492,674,480,638,433,652,386,685,350,644,366,606,297,583,252,569,212,686,349,652,286,633,232,620,185,732,354,699,392,690,461,688,507,771,372,733,416,720,464,713,497
1,724,493,679,483,641,435,657,383,693,347,643,368,604,299,580,254,566,215,684,350,652,287,632,234,621,188,730,353,700,395,691,464,690,511,771,371,733,417,722,467,718,500
1,725,493,680,484,642,438,653,383,685,343,645,370,603,300,578,255,562,216,685,351,652,288,632,234,621,188,730,353,701,394,695,462,696,509,770,369,735,413,727,464,723,498
1,725,489,682,482,640,439,649,390,677,351,645,366,604,300,579,256,562,216,685,347,651,284,632,232,618,188,731,351,703,389,698,458,698,504,771,369,740,418,729,465,722,497
1,736,498,687,488,648,436,664,379,698,339,644,373,597,305,568,261,548,223,686,352,650,285,628,228,612,180,733,351,708,383,702,451,702,499,776,363,746,400,736,451,732,488
1,758,478,716,469,692,416,719,362,753,324,672,344,631,268,612,219,597,176,724,328,725,240,735,179,742,126,771,338,772,333,760,397,749,441,809,361,802,392,785,442,769,478
1,763,492,716,483,693,428,722,367,759,323,674,347,643,264,630,210,621,163,729,334,737,246,749,180,760,122,778,343,779,341,766,414,756,463,818,365,808,387,792,444,779,484
1,719,487,676,484,627,439,620,386,655,357,639,353,595,288,568,247,548,213,683,334,646,260,620,207,599,163,731,338,687,353,674,420,672,465,771,358,726,390,715,439,714,471
1,736,489,685,486,633,434,635,374,669,337,631,364,580,304,549,265,525,232,675,341,630,268,603,216,584,171,723,338,691,340,687,406,689,455,767,349,734,369,727,423,727,462
1,744,479,691,489,643,452,649,394,691,357,630,348,587,285,563,242,545,208,671,324,644,242,624,193,611,146,712,325,698,263,686,317,682,361,754,342,737,299,716,329,705,364
1,758,539,718,539,707,536,763,524,829,519,698,406,687,310,683,246,683,187,764,397,787,294,812,224,832,158,816,420,852,394,836,463,814,506,858,454,880,454,858,501,830,532
1,745,532,699,539,668,516,706,481,764,451,642,385,609,295,591,237,579,182,700,364,691,261,694,195,695,129,751,377,772,327,766,405,755,453,798,406,816,392,799,444,776,480
1,728,528,678,539,631,528,651,493,697,458,593,412,533,337,499,291,473,246,643,385,605,288,587,230,570,174,694,387,691,339,696,410,695,455,744,405,743,401,734,456,722,492
1,741,539,696,539,664,522,704,487,761,458,648,388,631,294,625,234,624,177,708,374,708,270,716,203,723,135,760,390,781,337,770,414,755,462,805,420,820,403,801,457,779,494
1,789,314,761,293,753,249,781,206,800,175,710,216,684,174,668,147,655,124,737,202,718,154,709,123,701,96,765,203,769,161,779,191,780,211,793,212,799,183,802,201,798,217
1,789,310,766,300,752,260,766,213,774,177,690,234,654,198,628,173,608,154,712,213,679,170,661,140,643,113,739,207,735,167,755,188,764,205,768,209,770,181,781,197,783,213
1,791,321,766,292,761,243,787,199,802,171,715,214,696,167,687,140,678,118,743,204,736,152,735,120,733,94,770,208,779,166,787,190,789,208,795,217,804,183,808,197,808,213
1,812,331,792,298,795,250,824,211,845,186,753,214,743,170,737,141,732,120,782,209,782,163,783,135,782,112,807,217,820,183,827,205,827,221,830,229,841,197,844,212,840,228
1,816,333,795,309,791,263,810,218,825,186,732,233,707,187,692,157,680,132,758,218,740,167,733,132,727,101,785,217,790,175,804,197,811,215,812,224,819,194,826,209,829,224
1,818,346,786,339,766,299,779,246,791,209,709,267,674,224,651,196,631,173,732,243,699,195,682,162,666,131,762,236,751,188,769,210,779,230,793,239,791,209,798,226,801,245
1,807,358,766,363,716,335,689,294,698,263,701,277,659,239,634,215,614,192,723,257,685,208,663,178,646,150,752,248,735,199,752,228,767,256,784,247,775,214,785,235,795,258
1,815,352,771,343,736,293,735,242,753,219,741,246,718,197,705,170,695,145,770,233,755,176,751,141,748,114,798,233,798,183,809,202,817,227,828,240,832,204,837,218,839,241
1,822,354,775,338,745,290,749,241,761,217,750,242,730,193,720,165,711,140,779,231,769,175,767,141,766,113,809,233,808,182,817,199,823,224,838,242,842,205,843,214,844,235
1,827,363,796,342,790,297,822,251,848,221,747,242,725,194,712,164,701,139,778,226,768,170,765,136,761,108,808,228,815,189,823,222,823,246,838,241,845,213,844,239,839,259
1,833,379,796,370,780,331,803,279,824,242,729,273,695,223,675,191,658,163,759,248,732,189,720,152,709,118,792,244,786,196,800,232,807,260,826,251,824,220,828,245,828,268
1,828,380,792,381,768,346,785,293,804,258,718,296,674,255,646,228,623,204,743,266,705,216,685,180,667,147,775,257,760,209,779,238,789,264,811,259,805,226,811,248,813,270
1,828,359,781,361,732,329,710,286,720,256,731,267,690,224,668,200,650,178,757,247,728,191,715,159,705,130,787,242,774,187,791,209,806,234,820,244,817,205,825,220,833,242
1,857,373,824,342,820,295,857,254,883,229,779,245,741,203,716,178,695,159,814,234,817,176,823,140,827,113,847,243,867,215,865,251,857,273,878,260,892,233,885,257,874,276
1,749,528,701,525,677,496,714,457,759,431,663,386,640,312,630,266,623,224,709,371,709,290,715,239,717,189,750,382,761,342,756,394,748,430,784,409,792,379,782,414,769,445
1,780,515,733,512,716,486,762,454,809,430,699,372,658,305,633,263,616,224,750,360,774,281,796,231,814,179,790,374,824,348,810,405,795,442,823,403,844,387,831,424,813,451
1,785,514,738,510,722,482,769,448,815,423,704,367,661,297,634,257,619,221,757,354,780,274,802,224,823,174,797,370,827,341,810,399,796,436,829,402,848,385,832,422,815,448
1,794,492,750,489,739,456,791,424,836,395,719,345,693,275,678,227,668,186,771,331,790,253,806,201,816,151,810,347,839,309,832,362,821,396,840,377,857,360,843,396,826,422
1,796,490,751,480,744,444,801,414,847,388,728,335,711,264,702,216,695,177,780,327,803,247,822,197,835,150,818,347,846,313,837,359,826,388,846,382,863,366,848,397,830,418
1,795,475,756,469,748,433,801,400,843,371,733,330,726,258,723,209,720,168,778,320,783,241,788,188,790,138,815,337,840,298,838,341,832,369,845,367,861,349,853,379,839,400
1,794,475,755,469,746,431,797,398,838,370,727,329,720,258,716,210,713,169,773,318,773,240,776,189,777,138,811,331,835,290,832,338,823,369,842,359,858,341,850,372,836,394
2,763,463,713,446,686,410,716,369,753,345,664,305,643,231,631,175,620,133,714,295,717,242,725,308,720,335,759,299,767,255,764,305,755,337,799,312,810,254,819,219,825,181
2,755,458,701,438,663,391,686,337,730,311,651,300,629,228,619,181,610,144,695,288,685,229,693,286,692,314,738,290,737,239,731,286,721,320,775,301,777,242,777,204,778,168
2,743,451,696,438,651,386,661,334,704,315,656,292,638,223,628,179,622,141,694,285,686,225,680,279,675,311,731,291,727,245,713,296,704,332,764,307,768,249,765,209,767,170
2,757,447,705,430,671,386,701,339,742,315,659,290,638,218,629,169,619,131,706,278,701,217,710,268,708,302,749,281,754,231,749,276,737,311,787,296,796,238,801,202,804,168
2,768,448,718,433,681,374,709,323,752,295,673,297,649,214,640,165,630,121,713,291,708,271,723,335,730,377,751,294,752,282,759,340,758,380,789,296,778,232,777,190,775,151
2,762,451,708,436,673,378,701,326,744,298,664,301,638,219,627,172,617,127,704,296,699,274,714,338,721,378,742,298,741,289,749,348,749,386,780,301,769,237,768,194,765,154
2,723,448,671,447,624,402,636,350,677,316,620,330,582,259,562,214,543,174,656,315,641,296,664,356,681,397,693,312,685,308,697,366,706,406,728,311,711,253,700,211,692,173
2,725,456,668,447,624,402,636,352,675,320,614,328,571,260,545,219,525,181,655,314,642,302,661,362,677,402,695,312,693,310,696,369,700,410,733,312,741,260,748,219,755,180
2,729,459,672,449,627,404,638,352,676,319,616,328,572,259,545,219,525,182,657,314,644,302,663,364,679,405,698,312,695,310,698,367,702,409,737,312,747,260,758,219,767,180
2,729,456,672,448,629,403,640,352,678,320,618,328,572,259,546,219,525,182,658,315,645,304,666,366,682,407,699,312,696,311,700,368,705,409,737,311,748,259,759,218,769,179
2,736,465,675,452,630,405,642,354,682,324,624,326,576,257,545,216,521,179,665,313,643,304,669,367,687,405,707,310,699,315,706,372,711,413,748,310,761,257,780,215,794,173
2,735,464,674,451,631,404,645,355,684,325,626,325,577,256,546,216,523,180,667,314,645,306,668,369,684,406,709,311,701,313,707,373,711,415,751,310,765,256,785,214,800,173
2,720,459,669,453,636,398,656,347,700,324,640,331,599,269,571,229,550,195,680,318,652,300,668,363,683,401,720,315,703,311,704,370,706,408,761,314,772,257,794,218,813,178
2,728,463,672,454,632,402,652,354,697,329,633,325,589,258,561,216,542,180,675,315,655,304,675,369,689,408,716,313,707,312,709,371,711,412,758,313,772,259,794,218,812,177
2,721,462,671,455,637,398,657,348,700,323,642,331,600,269,573,230,553,197,682,318,655,303,673,367,688,408,721,316,705,311,707,371,709,413,762,316,774,260,796,221,815,181
2,737,463,677,447,635,402,651,353,691,322,627,321,582,249,553,208,533,171,670,309,657,299,675,362,691,401,712,307,710,308,707,366,708,407,752,309,774,258,795,218,811,178
2,737,465,677,451,634,402,650,353,694,327,632,323,583,254,552,214,530,177,675,312,652,302,674,367,690,403,718,310,708,311,710,369,712,410,760,311,778,259,801,218,818,176
2,734,461,674,447,634,397,655,348,700,323,632,322,585,251,556,209,535,171,675,312,652,303,673,370,690,406,716,311,708,312,709,373,711,414,758,311,775,260,798,221,817,180
2,736,462,675,449,633,400,650,351,695,326,628,320,583,251,552,211,529,174,673,307,656,296,675,361,689,400,715,306,711,309,711,367,711,408,756,307,777,258,800,217,819,177
2,735,461,674,447,634,398,651,347,694,317,629,321,584,248,556,206,534,166,673,309,656,295,672,358,687,398,714,308,709,308,708,366,710,408,752,309,775,259,794,219,810,179
2,731,454,673,445,633,398,650,350,693,322,629,319,586,247,559,206,538,167,674,309,661,296,676,362,688,404,716,309,713,310,710,370,710,411,755,311,777,260,796,221,813,181
2,737,456,681,441,644,394,663,346,700,314,639,310,611,231,596,185,585,142,684,302,674,291,684,355,691,398,726,305,726,307,721,364,717,405,766,311,789,260,811,221,829,183
2,738,459,685,443,649,395,665,347,701,312,647,307,636,222,636,173,636,129,689,304,681,291,688,357,693,399,729,309,728,303,723,357,719,396,767,314,789,259,809,219,824,181
2,744,459,682,443,643,391,663,339,705,311,641,314,599,236,573,191,553,151,685,304,668,287,683,351,694,391,726,305,723,304,720,362,718,402,766,309,786,262,806,223,823,185
2,739,458,682,445,643,397,661,346,702,314,635,318,593,245,567,202,549,163,679,306,665,293,680,358,692,400,721,306,720,307,718,367,718,409,760,309,781,260,799,220,814,180
2,740,458,683,447,641,401,649,350,684,314,629,321,587,250,562,209,542,170,671,308,658,298,676,363,691,406,713,307,710,308,711,367,714,409,752,308,767,254,781,211,795,171
2,733,451,677,438,638,390,649,340,683,305,631,317,593,245,571,204,553,165,672,307,655,293,672,356,687,398,713,306,707,303,709,361,712,402,751,307,766,252,780,209,790,167
2,726,446,672,435,623,382,620,324,644,280,626,327,588,268,567,233,548,201,661,311,639,287,656,338,674,379,696,304,680,282,684,337,693,381,731,300,731,241,730,198,728,158
2,731,449,677,439,629,390,632,335,660,295,624,319,589,254,570,214,553,178,662,305,646,292,667,353,685,396,702,303,693,293,698,351,704,393,739,304,740,245,741,201,741,159
2,736,455,681,446,641,399,655,349,693,317,634,322,597,246,576,202,559,161,676,311,664,297,680,362,691,406,715,310,714,305,717,365,718,407,754,310,764,253,773,211,779,171
2,734,473,680,457,645,423,658,389,695,362,645,318,626,247,618,202,611,161,693,312,683,303,687,368,690,406,736,323,733,325,722,383,712,420,773,339,794,305,815,279,836,247
2,739,480,687,468,652,441,674,415,713,392,654,327,646,270,642,226,640,187,704,311,697,351,698,406,704,426,747,325,747,361,733,399,723,420,781,351,809,344,836,330,863,313
2,747,471,700,470,671,454,686,433,719,409,664,342,659,304,663,266,671,232,710,318,710,381,701,435,699,441,752,328,758,393,736,430,722,444,785,352,812,370,839,373,869,371
2,722,476,672,465,642,446,654,431,685,419,651,338,634,303,625,272,622,240,694,321,678,369,677,416,684,434,732,336,725,385,711,425,705,445,765,364,788,367,806,363,824,357
2,710,483,663,473,623,450,636,431,676,420,637,339,607,309,582,288,561,267,684,321,654,357,650,414,660,435,726,336,702,384,685,430,686,452,763,365,767,366,756,371,755,376
2,691,479,639,468,596,440,605,417,648,404,624,337,584,307,554,287,523,269,665,324,625,357,627,413,641,442,702,340,669,391,657,442,665,473,734,368,730,359,715,352,711,344
2,687,470,631,464,586,431,590,401,632,384,609,339,565,298,532,271,503,245,647,328,604,354,617,416,642,449,682,340,644,377,647,433,665,465,713,359,697,329,675,310,659,289
2,693,462,634,463,586,422,584,383,622,358,602,342,560,292,530,260,504,230,637,330,600,344,613,405,636,439,671,334,635,357,639,416,652,450,701,341,673,298,647,273,625,248
2,690,456,635,455,585,412,575,368,599,338,593,339,553,285,525,251,501,220,625,328,596,330,611,387,631,425,657,328,630,340,638,396,651,434,687,329,654,283,626,256,602,232
2,679,455,630,454,573,409,551,368,574,348,589,327,547,275,519,246,496,220,618,316,570,330,585,390,607,425,646,320,599,340,613,398,634,434,671,326,632,287,602,264,576,242
2,674,457,629,450,574,404,553,362,571,341,591,324,554,271,527,241,503,214,620,316,576,326,594,385,616,422,647,320,600,332,619,389,642,426,672,325,632,283,602,259,574,236
2,677,442,632,438,578,393,561,351,578,325,595,317,559,265,533,235,510,209,623,310,580,316,593,374,611,411,650,314,606,324,621,378,642,414,675,318,638,272,608,248,581,225
2,688,429,641,424,588,385,569,347,579,313,595,316,560,269,535,240,513,216,622,307,595,307,608,358,624,394,650,305,621,302,633,353,647,388,678,302,647,257,621,231,595,206
2,705,407,658,403,606,361,595,312,617,279,611,304,572,256,548,226,525,200,641,291,619,280,635,326,652,363,673,286,652,272,660,319,670,358,706,282,698,231,691,196,683,163
2,726,391,679,385,632,340,628,289,651,252,636,288,600,238,579,206,560,177,667,274,653,255,668,301,683,338,699,268,689,251,693,298,700,337,731,264,727,214,723,178,720,144
2,767,400,718,379,690,334,722,287,759,261,676,257,649,197,636,157,624,124,718,244,713,189,727,235,730,265,757,243,760,189,762,229,757,262,791,251,797,195,802,162,802,130
2,767,400,722,369,706,318,750,277,794,265,707,240,702,177,703,135,701,103,752,236,763,179,768,229,763,258,790,243,805,193,800,231,790,260,823,259,841,205,854,173,861,143
2,769,399,727,365,711,315,756,277,801,267,719,235,719,172,723,129,723,98,765,233,776,181,779,233,774,261,804,242,820,194,812,234,800,265,836,260,862,208,878,177,888,148
2,759,406,704,386,667,345,695,304,738,285,667,257,650,196,640,156,632,122,708,246,700,200,707,250,708,283,746,247,746,199,742,246,736,282,779,257,787,203,790,171,792,139
2,730,408,681,406,629,376,638,331,680,312,623,285,599,229,581,191,568,160,657,270,638,231,650,286,655,310,694,266,685,224,685,272,686,306,730,272,724,217,718,185,715,152
2,707,429,658,431,600,407,592,368,630,344,591,308,564,252,545,217,532,185,622,295,595,252,607,307,615,337,656,292,634,250,639,301,645,336,691,298,677,244,664,215,654,182
2,707,461,655,461,608,429,628,382,668,358,588,335,553,276,532,234,512,200,629,315,613,270,635,323,642,353,671,310,664,267,673,313,676,348,711,315,707,257,705,221,700,185
2,708,483,659,481,629,468,647,450,679,432,608,356,580,285,565,234,551,194,656,345,652,315,665,387,664,416,702,346,708,317,708,373,699,406,741,355,757,308,772,279,781,242
2,717,485,669,485,640,476,664,465,697,447,627,360,602,288,585,236,572,195,675,352,677,338,679,409,675,434,720,358,731,340,721,394,707,421,759,370,781,331,800,307,815,274
2,714,485,668,486,635,478,654,472,694,467,630,367,614,304,607,258,605,220,677,358,683,350,682,420,677,442,722,365,737,354,725,409,708,431,760,379,786,349,806,332,821,302
2,711,486,663,487,624,479,622,482,652,485,624,370,613,318,606,279,606,246,669,357,679,362,675,433,668,451,714,365,731,374,715,430,697,446,752,384,779,370,798,360,814,334
2,707,483,660,480,624,461,644,438,683,425,620,352,596,281,583,233,573,194,667,343,665,313,667,382,664,412,713,348,716,318,709,376,697,410,752,361,768,318,781,291,790,257
2,706,476,650,470,612,439,635,404,669,384,610,332,585,263,574,214,563,175,656,323,651,283,658,350,652,385,699,327,703,285,696,339,683,376,738,341,751,289,759,258,764,222
2,702,471,653,463,603,425,618,381,659,358,602,320,580,255,565,209,552,171,644,311,635,263,640,322,640,356,685,314,684,266,678,318,673,357,722,327,728,270,729,236,731,199
2,706,471,653,460,601,425,594,384,637,367,614,317,595,251,581,205,572,167,651,313,635,268,634,329,635,364,689,319,677,275,668,331,663,371,723,334,724,280,720,245,718,206
2,704,469,651,462,598,430,585,389,623,364,604,321,583,256,566,213,555,177,639,315,617,268,620,329,624,363,674,319,657,274,653,330,653,368,708,331,702,275,694,243,688,205
2,669,469,625,471,566,436,541,400,573,384,583,337,556,268,535,233,521,201,612,332,574,288,566,338,570,372,640,338,610,303,598,343,599,367,667,350,641,298,618,274,605,249
2,659,478,612,482,555,449,523,415,553,393,568,346,541,278,520,244,505,214,593,340,553,298,545,348,551,381,618,344,583,322,573,371,575,399,642,354,615,305,592,279,575,251
2,656,486,605,487,550,457,515,429,538,407,560,353,533,286,510,253,493,225,586,349,540,316,529,367,536,401,610,354,567,343,559,393,567,421,634,365,603,320,577,298,560,273
2,659,478,610,480,554,446,520,413,548,396,575,337,545,273,522,239,504,211,601,332,543,301,536,356,547,388,622,341,571,330,564,381,575,408,640,355,604,309,579,285,563,257
2,770,451,722,442,702,414,743,383,784,368,682,309,669,240,660,187,654,147,736,299,749,257,763,324,759,355,780,300,796,258,799,301,791,331,819,310,838,260,853,235,859,205
2,781,403,747,408,743,395,786,388,831,374,741,284,768,218,796,172,819,135,788,280,839,271,832,334,816,357,828,286,873,278,859,329,833,351,861,295,912,269,944,258,959,240
2,735,409,734,347,701,295,649,276,608,281,698,272,637,213,601,178,572,152,673,299,590,263,598,292,617,305,649,332,575,293,582,312,602,324,627,362,572,323,539,303,514,284
2,717,415,703,356,662,317,613,312,577,324,651,289,579,252,537,230,503,213,633,318,548,303,557,331,576,340,618,354,540,333,547,353,567,363,604,389,541,364,503,355,473,343
2,723,411,718,352,682,303,632,287,592,296,676,281,620,221,588,186,561,160,654,306,571,280,579,309,598,322,635,341,559,312,565,330,583,341,616,373,558,339,524,322,498,305
2,725,406,735,347,713,293,671,269,634,270,707,270,672,197,653,152,637,119,678,289,607,249,609,277,625,292,649,316,586,277,591,296,610,311,622,341,577,296,550,274,530,254
2,723,403,732,345,710,293,670,273,634,279,705,265,675,194,659,152,645,119,674,283,610,248,612,277,626,293,645,309,588,273,592,293,608,309,619,334,578,291,551,269,532,248
2,738,384,741,329,719,278,677,251,639,246,723,253,689,187,674,149,662,119,700,270,634,238,631,264,643,277,675,294,615,257,615,276,627,291,650,316,604,274,577,252,557,231
2,768,377,771,320,753,275,720,252,686,251,756,243,722,179,706,143,693,113,739,254,671,224,670,257,683,270,715,276,654,240,655,265,669,282,688,299,643,256,615,234,595,212
2,765,383,767,326,749,279,717,258,684,258,749,245,715,181,699,143,685,112,732,257,663,229,663,261,676,275,709,279,647,246,648,271,662,287,683,303,637,261,608,239,588,217
2,727,408,728,350,697,298,652,276,611,276,698,275,658,206,635,164,617,132,679,298,591,270,595,300,612,311,656,331,575,300,581,320,602,332,632,361,573,327,538,308,512,290
2,738,435,730,375,685,326,630,308,588,314,681,306,611,259,567,233,530,215,665,342,567,320,584,346,607,354,648,382,559,356,574,373,601,381,630,417,559,393,518,382,486,369
2,740,436,732,376,690,325,634,309,592,313,684,307,608,269,561,248,522,233,665,342,570,318,587,340,611,349,647,382,561,354,576,370,603,379,628,416,562,390,522,376,490,361
2,742,442,733,378,684,330,622,315,581,320,680,308,598,277,548,262,509,254,662,345,567,326,585,350,610,358,646,385,560,362,576,379,603,388,628,422,557,397,517,384,485,369
2,744,441,733,378,689,330,636,310,594,311,682,303,600,266,549,249,508,240,665,339,566,319,582,346,606,354,649,380,558,355,571,375,597,384,633,419,558,400,516,391,483,378
2,741,428,731,369,692,321,642,300,602,294,686,297,604,258,554,247,517,241,672,332,573,309,582,333,605,341,656,372,565,347,576,366,601,374,639,409,563,390,521,380,489,365
2,758,407,769,347,748,283,704,242,669,221,763,258,708,196,674,164,646,140,736,279,658,229,660,261,676,277,707,307,639,253,645,278,663,297,677,331,627,281,596,255,573,230
2,774,397,798,341,796,278,762,236,725,221,802,255,759,185,736,144,716,114,771,270,704,207,702,236,716,257,737,290,681,229,681,251,695,271,702,309,667,252,645,221,629,194
2,767,397,783,341,767,279,727,236,694,214,790,259,744,191,716,152,692,123,765,277,691,218,687,249,700,266,735,299,672,239,671,261,685,280,702,319,659,265,633,234,612,206
2,771,412,777,349,752,290,711,251,677,233,779,261,723,196,688,165,661,138,762,279,680,232,676,268,689,287,737,307,664,257,663,285,676,306,709,333,661,274,630,244,605,220
2,764,418,756,364,711,308,660,278,629,275,735,270,666,223,626,197,591,174,727,294,633,269,640,307,661,325,710,330,627,297,627,322,643,338,688,364,625,323,585,303,554,285
2,766,422,758,368,718,318,666,291,628,287,728,284,652,243,603,221,565,206,719,314,615,291,622,325,645,336,703,354,611,327,618,350,642,362,683,391,611,357,568,339,535,322
2,753,430,736,372,683,333,624,324,583,333,681,304,597,283,545,273,504,269,673,344,571,342,592,368,619,373,663,390,572,380,591,395,619,398,651,430,575,415,532,408,495,398
2,752,430,740,373,693,330,639,314,599,319,688,300,603,274,551,263,511,256,678,336,575,331,591,361,617,367,667,378,575,368,588,387,615,393,654,418,577,402,533,393,497,381
2,748,420,722,380,680,333,638,309,612,307,720,274,653,228,614,206,580,185,719,295,620,274,619,314,637,337,709,330,618,302,602,327,606,343,691,367,633,326,592,304,562,284
2,734,440,659,395,623,357,600,329,612,319,677,273,650,226,628,196,610,171,698,281,649,241,620,237,604,221,709,293,648,277,637,316,647,338,709,308,681,264,649,236,626,211
2,723,436,662,399,625,356,602,322,613,312,677,273,653,222,632,191,616,168,701,276,641,254,627,295,634,317,715,286,660,259,641,282,641,293,720,301,690,258,661,232,639,209
2,708,429,662,416,619,368,600,327,623,306,656,292,641,231,624,199,611,175,678,289,654,233,634,268,629,303,699,291,672,248,657,290,657,326,721,299,706,246,685,215,669,188
2,728,425,672,418,621,383,617,332,651,314,630,306,610,253,596,221,586,193,659,292,640,247,646,290,648,318,688,286,671,240,671,283,673,319,719,288,705,239,689,211,673,184
2,738,420,682,421,629,386,628,334,660,308,627,319,601,269,585,236,572,208,656,299,636,251,648,286,654,310,686,289,671,245,675,283,678,317,719,287,701,239,687,210,674,184
2,739,418,678,415,631,383,633,331,664,305,627,324,597,280,579,250,564,225,656,302,632,259,648,292,654,313,685,289,667,245,673,282,680,315,716,284,697,239,680,212,664,189
2,779,411,720,394,680,338,698,282,737,263,677,288,654,234,642,201,630,171,714,271,704,217,717,252,722,279,748,265,742,219,744,250,743,280,781,267,775,217,770,185,763,156
2,785,406,734,393,696,342,714,287,749,257,689,293,660,234,646,197,633,164,721,279,719,248,737,290,746,325,753,272,756,244,764,288,765,324,783,267,776,217,770,184,763,152
2,784,414,729,406,690,357,706,303,736,270,677,303,643,242,627,204,612,168,710,289,710,259,729,305,738,340,742,280,749,253,759,300,761,337,774,273,763,221,755,185,747,151
2,757,425,701,413,658,356,667,302,697,271,666,316,637,253,622,215,609,180,698,303,691,302,710,358,724,401,731,299,727,301,740,353,748,395,764,293,739,242,722,205,707,174
2,755,428,697,418,652,365,655,311,679,274,658,325,625,265,607,228,591,193,690,310,680,304,702,361,719,401,723,303,717,304,733,355,745,395,754,296,729,243,710,208,695,178
2,755,420,699,425,643,384,632,328,648,289,640,346,600,298,577,269,556,240,669,326,654,313,682,358,703,392,698,312,687,302,709,346,726,382,724,298,691,257,667,228,646,202
2,802,436,753,424,727,390,749,344,779,314,697,295,672,225,660,178,649,142,743,278,745,229,763,286,763,318,784,273,791,229,799,276,793,308,822,279,826,224,833,195,830,165
2,722,430,670,419,624,382,601,346,635,332,661,289,655,223,646,192,644,165,686,290,653,245,639,292,640,321,710,296,680,249,664,292,663,324,733,306,720,249,707,214,700,180
2,741,419,734,361,694,305,639,282,598,280,708,279,662,213,635,175,611,143,693,303,607,278,612,311,631,328,673,338,594,302,586,313,593,319,651,371,596,325,565,301,542,281
2,737,426,729,367,682,319,623,306,581,310,682,296,622,244,583,214,552,190,663,324,570,306,577,337,595,351,645,359,560,336,567,357,587,368,627,393,567,365,529,350,501,335
2,720,416,724,357,698,307,651,285,610,288,694,285,639,223,609,185,584,157,671,311,587,276,589,305,607,319,647,345,571,306,572,324,589,335,625,375,571,330,541,306,520,283
2,735,424,741,363,705,306,648,279,607,277,711,284,638,234,598,208,565,187,685,313,599,270,606,301,626,317,659,346,587,301,596,322,617,336,633,376,581,323,552,298,529,274
2,750,446,774,379,756,310,710,263,670,238,773,294,716,216,681,173,651,143,736,318,660,245,663,280,679,302,697,343,636,271,640,295,657,317,658,360,618,295,595,258,578,223
2,761,437,770,382,748,318,705,275,672,255,779,285,713,213,680,178,655,145,761,302,675,250,661,284,669,311,734,328,659,267,644,296,650,321,700,352,658,286,631,251,613,220
2,750,445,679,398,644,351,624,323,630,322,731,266,669,227,654,252,659,263,745,275,653,249,641,299,655,324,743,295,661,267,648,311,662,335,731,319,701,264,677,226,666,190
2,711,440,658,416,621,372,599,338,623,326,663,287,644,229,623,199,609,173,686,290,647,242,631,291,634,321,705,298,662,261,648,303,656,332,719,312,701,256,681,221,671,191
2,755,424,762,364,736,301,688,263,648,253,750,279,687,213,651,179,622,152,723,304,639,248,640,283,659,300,693,335,623,277,628,300,648,318,663,363,617,303,588,271,565,244
2,713,462,732,396,695,334,641,311,600,310,685,314,617,256,576,224,540,200,651,343,581,287,594,314,614,338,622,375,563,320,577,340,597,359,595,401,542,348,514,318,492,292
2,738,434,685,431,632,391,642,338,680,314,626,314,603,261,589,223,579,190,660,295,644,251,659,302,665,327,694,287,686,245,689,290,691,321,729,287,718,233,707,202,699,173
2,765,445,711,428,670,382,697,334,740,316,669,300,654,232,647,187,641,151,710,289,704,239,713,293,713,320,749,288,748,241,749,285,745,314,784,294,782,234,780,200,777,167
2,779,444,725,424,689,375,721,328,765,310,693,289,686,222,684,175,682,139,735,281,738,230,744,286,739,315,775,282,784,234,782,281,773,311,812,291,817,231,819,197,817,164
2,772,435,711,425,664,376,676,319,717,298,661,309,636,254,618,217,605,184,698,291,683,238,696,286,703,314,735,283,724,231,727,272,730,304,770,284,768,232,762,199,755,168
